months_as_customer,age,policy_csl,policy_deductable,policy_annual_premium,umbrella_limit,insured_sex,insured_education_level,insured_occupation,insured_relationship,capital-gains,capital-loss,incident_type,collision_type,incident_severity,authorities_contacted,incident_hour_of_the_day,number_of_vehicles_involved,property_damage,bodily_injuries,witnesses,police_report_available,injury_claim,property_claim,vehicle_claim,fraud_reported,policy_age_days,claim_ratio,Fraud_Probability,Predicted,Actual,Risk_Level
285,44,250/500,2000,1144.3,0,MALE,MD,priv-house-serv,not-in-family,52600,0,Vehicle Theft,unknown,Minor Damage,Police,3,1,YES,1,0,unknown,500,500,4500,N,8568,8.982035928143713,0.20625760031950666,1,0,Low Risk
230,37,500/1000,1000,1060.74,0,MALE,PhD,tech-support,own-child,0,-51500,Single Vehicle Collision,Rear Collision,Major Damage,Ambulance,15,1,YES,2,3,unknown,9820,4910,34370,Y,3560,6.998574628385257,0.3812173275167143,1,1,Low Risk
101,33,100/300,1000,1053.04,7000000,FEMALE,Masters,other-service,own-child,52000,-44500,Multi-vehicle Collision,Rear Collision,Minor Damage,Ambulance,20,3,NO,1,3,unknown,9040,9040,36160,Y,976,3.999557571065148,0.25241673479332655,1,1,Low Risk
266,42,100/300,500,1093.83,4000000,MALE,Associate,adm-clerical,other-relative,0,-49600,Multi-vehicle Collision,Side Collision,Major Damage,Ambulance,18,3,unknown,1,1,NO,4440,8880,39960,Y,4370,4.49949330030402,0.6222770690954655,1,1,Medium Risk
430,59,250/500,2000,1326.62,7000000,MALE,MD,other-service,own-child,0,0,Multi-vehicle Collision,Front Collision,Minor Damage,Fire,19,3,unknown,0,3,YES,16360,8180,57260,N,4011,6.999144358880333,0.31549339052953623,1,0,Low Risk
130,34,250/500,500,1383.49,3000000,FEMALE,Masters,armed-forces,other-relative,35100,0,Multi-vehicle Collision,Side Collision,Minor Damage,Police,4,3,unknown,2,3,YES,7500,7500,52500,N,4358,6.999066791094521,0.28685101848620215,1,0,Low Risk
234,44,500/1000,500,1780.67,0,MALE,Associate,other-service,other-relative,0,0,Single Vehicle Collision,Side Collision,Major Damage,Ambulance,3,1,NO,1,0,NO,7020,7020,56160,Y,4641,7.998860561173622,0.4931364555713283,1,1,Medium Risk
14,28,250/500,2000,1587.96,0,FEMALE,Associate,craft-repair,unmarried,0,-26900,Single Vehicle Collision,Rear Collision,Major Damage,Fire,18,1,unknown,2,1,YES,12960,12960,45360,Y,4590,3.4997299591080937,0.6811293273601353,1,1,Medium Risk
335,50,100/300,1000,1538.26,6000000,MALE,High School,sales,other-relative,62200,-31400,Multi-vehicle Collision,Side Collision,Minor Damage,Ambulance,12,3,YES,2,3,YES,8580,4290,21450,N,2908,4.998834770449778,0.18972478828233882,0,0,Low Risk
359,47,100/300,2000,1367.68,0,FEMALE,MD,handlers-cleaners,unmarried,0,0,Single Vehicle Collision,Front Collision,Total Loss,Police,13,1,NO,0,3,NO,5550,11100,38850,N,7753,3.499684713088911,0.35974351217485334,1,0,Low Risk
78,31,250/500,1000,1377.23,0,FEMALE,Masters,armed-forces,unmarried,72600,0,Multi-vehicle Collision,Side Collision,Minor Damage,Other,1,3,unknown,2,1,unknown,5810,11620,34860,N,8734,2.999741846656914,0.1971233199425407,0,0,Low Risk
89,32,100/300,2000,1482.53,0,FEMALE,MD,tech-support,not-in-family,49100,-45100,Parked Car,unknown,Trivial Damage,Police,5,1,YES,1,2,unknown,10,20,70,N,6,3.3333333333333335,0.1390521115301147,0,0,Low Risk
11,40,500/1000,2000,1217.69,0,FEMALE,MD,prof-specialty,wife,24000,0,Multi-vehicle Collision,Side Collision,Major Damage,Other,6,3,unknown,1,0,unknown,9720,9720,34020,Y,5040,3.499639954737167,0.4674650874188774,1,1,Medium Risk
463,59,250/500,1000,979.73,0,FEMALE,JD,exec-managerial,not-in-family,51700,0,Multi-vehicle Collision,Front Collision,Major Damage,Other,14,2,unknown,1,2,NO,7240,14480,50680,Y,7498,3.4997583039845312,0.551271951028894,1,1,Medium Risk
187,34,500/1000,500,1232.57,0,FEMALE,PhD,machine-op-inspct,not-in-family,59500,0,Multi-vehicle Collision,Side Collision,Minor Damage,Fire,7,3,unknown,0,0,unknown,8200,4100,32800,N,4349,7.998049256278956,0.2472799150402879,1,0,Low Risk
436,60,250/500,500,1362.31,0,MALE,High School,prof-specialty,wife,67600,-65300,Single Vehicle Collision,Front Collision,Minor Damage,Ambulance,16,1,NO,0,2,NO,14920,7460,59680,N,8309,7.9989277576732345,0.3070819364161295,1,0,Low Risk
330,48,250/500,1000,1625.65,0,MALE,College,farming-fishing,husband,0,0,Single Vehicle Collision,Side Collision,Major Damage,Ambulance,10,1,YES,1,3,unknown,11900,5950,41650,N,6091,6.998823727104688,0.6732518411302462,1,0,Medium Risk
194,34,250/500,1000,1193.45,0,MALE,JD,other-service,not-in-family,0,0,Single Vehicle Collision,Rear Collision,Total Loss,Ambulance,11,1,unknown,2,1,YES,11760,5880,41160,N,3897,6.998809726237035,0.39227710233856256,1,0,Low Risk
251,39,500/1000,2000,1231.98,0,FEMALE,Associate,other-service,not-in-family,0,-31700,Single Vehicle Collision,Rear Collision,Minor Damage,Police,10,1,YES,0,0,unknown,5530,5530,33180,N,5753,5.998915205207015,0.24149347495940574,1,0,Low Risk
64,25,250/500,1000,954.16,0,MALE,Masters,prof-specialty,husband,53200,0,Multi-vehicle Collision,Side Collision,Major Damage,Ambulance,22,4,NO,0,0,unknown,12600,12600,50400,N,5448,3.9996825648758034,0.5129907160096155,1,0,Medium Risk
230,43,500/1000,2000,1101.83,0,MALE,High School,exec-managerial,other-relative,28900,0,Multi-vehicle Collision,Front Collision,Minor Damage,Police,0,3,unknown,0,3,YES,5190,10380,36330,Y,2883,3.499662845583277,0.2105026868359354,1,1,Low Risk
144,37,250/500,2000,1896.91,0,FEMALE,PhD,handlers-cleaners,not-in-family,73700,0,Multi-vehicle Collision,Rear Collision,Major Damage,Fire,17,3,YES,1,3,NO,5440,10880,38080,Y,835,3.4996783383880157,0.547212690884161,1,1,Medium Risk
259,42,100/300,2000,1170.53,0,FEMALE,PhD,armed-forces,wife,65000,-49200,Multi-vehicle Collision,Rear Collision,Total Loss,Fire,17,3,NO,1,2,YES,5690,11380,45520,N,6929,3.99964853703541,0.30761155265038853,1,0,Low Risk
76,31,500/1000,500,1493.5,5000000,FEMALE,Associate,priv-house-serv,not-in-family,39900,-44000,Vehicle Theft,unknown,Minor Damage,Police,7,1,NO,2,1,NO,1460,730,5840,N,2880,7.989056087551299,0.12908654616066803,0,0,Low Risk
304,49,100/300,1000,1525.86,0,FEMALE,PhD,craft-repair,own-child,0,0,Single Vehicle Collision,Side Collision,Minor Damage,Other,2,1,YES,1,1,YES,13340,6670,53360,N,4866,7.99880077949333,0.29634421194271415,1,0,Low Risk
188,33,250/500,1000,1340.24,0,MALE,High School,protective-serv,own-child,0,-68800,Multi-vehicle Collision,Rear Collision,Minor Damage,Police,8,3,YES,1,0,unknown,13820,6910,55280,Y,7618,7.998842425119375,0.21301677519364148,1,1,Low Risk
141,30,250/500,1000,1851.78,0,FEMALE,High School,craft-repair,other-relative,78800,0,Single Vehicle Collision,Front Collision,Total Loss,Fire,13,1,NO,1,0,YES,6860,6860,48020,N,5322,6.9989797405626,0.41871412458033447,1,0,Medium Risk
266,46,100/300,2000,1578.54,0,MALE,Associate,handlers-cleaners,husband,0,-41400,Single Vehicle Collision,Front Collision,Minor Damage,Fire,18,1,NO,1,3,YES,7590,15180,60720,N,2169,3.9997365127461957,0.28428869562385756,1,0,Low Risk
211,35,100/300,500,1040.75,0,FEMALE,JD,prof-specialty,not-in-family,0,0,Single Vehicle Collision,Rear Collision,Total Loss,Ambulance,1,1,YES,1,1,unknown,7000,7000,28000,N,6741,3.999428653049564,0.27024103664191446,1,0,Low Risk
219,43,100/300,1000,1114.29,0,FEMALE,High School,transport-moving,other-relative,51300,0,Single Vehicle Collision,Side Collision,Major Damage,Ambulance,1,1,unknown,2,2,YES,6060,6060,54540,N,4585,8.998515096518727,0.5617173207183833,1,0,Medium Risk
27,33,100/300,500,1442.99,0,FEMALE,PhD,other-service,own-child,0,0,Single Vehicle Collision,Front Collision,Total Loss,Police,21,1,NO,1,1,YES,2770,2770,22160,N,6568,7.997112955611692,0.12938576100456928,0,0,Low Risk
88,25,250/500,1000,1194.0,0,FEMALE,JD,handlers-cleaners,husband,0,0,Single Vehicle Collision,Rear Collision,Major Damage,Ambulance,6,1,YES,1,2,YES,7420,7420,51940,Y,2668,6.9990567308988005,0.5783000970686766,1,1,Medium Risk
347,51,500/1000,500,1480.79,9000000,FEMALE,MD,priv-house-serv,unmarried,0,-12100,Single Vehicle Collision,Side Collision,Total Loss,Other,15,1,YES,0,2,unknown,8630,17260,77670,N,6655,4.499739296680378,0.5471502799235063,1,0,Medium Risk
36,37,500/1000,1000,1115.81,0,FEMALE,Masters,machine-op-inspct,husband,0,-59800,Multi-vehicle Collision,Side Collision,Minor Damage,Ambulance,20,3,YES,1,3,unknown,5420,10840,32520,N,463,2.9997232727608156,0.2326611411664337,1,0,Low Risk
303,46,100/300,1000,709.14,0,MALE,Masters,machine-op-inspct,husband,0,0,Multi-vehicle Collision,Rear Collision,Minor Damage,Fire,3,3,NO,1,0,NO,9980,4990,39920,N,3681,7.998397114806652,0.2821007893608142,1,0,Low Risk
47,34,500/1000,500,1161.31,0,FEMALE,PhD,exec-managerial,other-relative,64800,-24300,Single Vehicle Collision,Front Collision,Minor Damage,Police,23,1,YES,1,3,unknown,11440,5720,45760,N,4025,7.998601643069393,0.2203725443535962,1,0,Low Risk
243,41,100/300,1000,1129.23,0,FEMALE,College,farming-fishing,own-child,17300,-60400,Single Vehicle Collision,Front Collision,Major Damage,Fire,1,1,unknown,1,0,YES,10060,5030,35210,Y,6517,6.998608626515603,0.33143313997019874,1,1,Low Risk
16,32,100/300,1000,968.46,0,MALE,MD,tech-support,not-in-family,50800,-66200,Multi-vehicle Collision,Side Collision,Total Loss,Ambulance,0,3,unknown,0,2,unknown,6600,13200,39600,Y,4566,2.999772744489054,0.322252935656383,1,1,Low Risk
325,46,500/1000,500,1348.83,0,FEMALE,High School,prof-specialty,wife,46300,-77500,Multi-vehicle Collision,Rear Collision,Minor Damage,Fire,21,3,unknown,1,2,YES,13840,6920,55360,N,572,7.9988440976737465,0.2414746691447594,1,0,Low Risk
258,46,100/300,1000,1110.37,10000000,MALE,MD,machine-op-inspct,other-relative,34400,-56800,Multi-vehicle Collision,Side Collision,Total Loss,Other,14,3,NO,0,1,unknown,4770,9540,33390,Y,5800,3.499633162142333,0.25498038448544075,1,1,Low Risk
97,26,250/500,1000,1252.08,0,MALE,College,exec-managerial,not-in-family,0,0,Multi-vehicle Collision,Rear Collision,Major Damage,Other,4,2,YES,2,2,NO,10080,5040,35280,Y,8497,6.998611386629637,0.5860649320936882,1,1,Medium Risk
467,58,500/1000,2000,977.4,0,MALE,Masters,transport-moving,own-child,82200,0,Single Vehicle Collision,Front Collision,Total Loss,Fire,2,1,YES,2,3,NO,5570,11140,38990,N,4368,3.4996858450767436,0.3324840576811567,1,0,Low Risk
156,31,100/300,2000,1134.08,0,MALE,PhD,other-service,husband,0,0,Single Vehicle Collision,Front Collision,Major Damage,Police,3,1,unknown,2,0,unknown,5900,5900,47200,Y,6713,7.998644297576682,0.6156689910900985,1,1,Medium Risk
228,44,500/1000,1000,1583.91,6000000,MALE,Associate,sales,unmarried,66000,-46000,Vehicle Theft,unknown,Minor Damage,unknown,20,1,NO,0,1,NO,1300,650,4550,N,256,6.989247311827957,0.11608394006764622,0,0,Low Risk
160,33,500/1000,1000,1422.78,0,FEMALE,High School,exec-managerial,husband,61600,0,Multi-vehicle Collision,Front Collision,Total Loss,Ambulance,17,3,unknown,2,3,YES,5280,5280,42240,N,2172,7.998485135391024,0.23930880943615587,1,0,Low Risk
33,32,100/300,500,1402.78,5000000,FEMALE,PhD,other-service,husband,70300,-50300,Single Vehicle Collision,Rear Collision,Minor Damage,Ambulance,2,1,YES,0,1,unknown,6230,12460,37380,N,2523,2.999759248856432,0.21427637059240873,1,0,Low Risk
287,45,500/1000,1000,1230.69,0,MALE,Masters,transport-moving,not-in-family,0,-54600,Single Vehicle Collision,Front Collision,Minor Damage,Fire,19,1,NO,0,2,NO,5380,5380,43040,N,2746,7.998513287493031,0.39410137564287445,1,0,Low Risk
84,30,500/1000,2000,1035.79,0,FEMALE,MD,protective-serv,wife,44400,-51500,Single Vehicle Collision,Side Collision,Minor Damage,Police,9,1,NO,1,0,YES,5240,10480,41920,N,4246,3.999618357027001,0.22276258452205475,1,0,Low Risk
446,57,100/300,2000,1373.21,0,MALE,College,adm-clerical,unmarried,42700,-64900,Multi-vehicle Collision,Front Collision,Total Loss,Police,10,3,NO,0,0,NO,6280,12560,43960,N,8102,3.49972135976435,0.2775647667789921,1,0,Low Risk
259,39,250/500,1000,1422.36,0,FEMALE,JD,craft-repair,unmarried,0,-83900,Multi-vehicle Collision,Side Collision,Minor Damage,Fire,12,3,NO,1,3,unknown,7760,7760,31040,N,7067,3.999484602499678,0.22296992714531635,1,0,Low Risk
107,31,100/300,2000,1018.73,5000000,MALE,Associate,handlers-cleaners,own-child,20000,-82700,Multi-vehicle Collision,Side Collision,Total Loss,Police,21,3,YES,1,2,unknown,14420,21630,57680,N,7368,2.666543386805973,0.3748168911111523,1,0,Low Risk
185,35,500/1000,2000,1421.59,0,MALE,College,other-service,own-child,0,0,Vehicle Theft,unknown,Trivial Damage,Police,8,1,unknown,2,3,YES,900,450,3600,N,5446,7.982261640798226,0.1863320178220129,0,0,Low Risk
473,58,100/300,2000,1131.4,0,FEMALE,MD,transport-moving,other-relative,55700,0,Multi-vehicle Collision,Side Collision,Major Damage,Other,12,4,YES,0,0,NO,10520,10520,42080,Y,8137,3.9996198080030414,0.44324372600467443,1,1,Medium Risk
73,29,250/500,1000,1447.78,0,MALE,College,protective-serv,wife,35100,-59900,Multi-vehicle Collision,Rear Collision,Total Loss,Other,15,3,YES,1,0,unknown,4990,4990,34930,N,8016,6.998597475455821,0.30337257762319103,1,0,Low Risk
176,39,250/500,500,1365.46,4000000,MALE,College,armed-forces,unmarried,0,-56600,Multi-vehicle Collision,Side Collision,Minor Damage,Fire,14,3,NO,2,1,NO,4920,4920,34440,N,1538,6.998577524893315,0.29707552702303597,1,0,Low Risk
175,34,100/300,500,915.29,0,FEMALE,JD,handlers-cleaners,wife,82400,-57100,Single Vehicle Collision,Front Collision,Major Damage,Other,14,1,unknown,2,1,YES,4080,4080,28560,Y,7210,6.998284734133791,0.36074927683124575,1,1,Low Risk
92,32,500/1000,500,1592.41,0,MALE,Masters,prof-specialty,husband,58900,-29100,Single Vehicle Collision,Rear Collision,Total Loss,Ambulance,22,1,unknown,2,3,YES,5340,5340,42720,N,6217,7.99850215315484,0.3024339360107202,1,0,Low Risk
282,43,250/500,500,1452.27,0,MALE,MD,farming-fishing,not-in-family,75800,0,Single Vehicle Collision,Side Collision,Major Damage,Ambulance,19,1,NO,1,2,NO,4680,9360,32760,Y,3095,3.4996261083217606,0.4708296198361226,1,1,Medium Risk
144,35,100/300,500,1427.46,0,MALE,High School,machine-op-inspct,wife,0,0,Multi-vehicle Collision,Side Collision,Major Damage,Police,3,3,unknown,0,0,unknown,17580,8790,61530,N,7823,6.999203731088613,0.4479432241867358,1,0,Medium Risk
232,42,100/300,500,944.03,0,MALE,College,handlers-cleaners,not-in-family,0,-58400,Single Vehicle Collision,Rear Collision,Minor Damage,Other,11,1,YES,2,3,unknown,15400,7700,53900,Y,660,6.9990910271393325,0.27570708960894635,1,1,Low Risk
168,32,100/300,1000,1059.52,0,MALE,MD,protective-serv,own-child,0,-40600,Multi-vehicle Collision,Side Collision,Major Damage,Other,13,2,unknown,1,1,unknown,14430,9620,33670,N,5414,3.4996362124519282,0.5828064692922926,1,0,Medium Risk
131,33,100/300,2000,1081.17,0,MALE,MD,sales,wife,0,-65200,Parked Car,unknown,Minor Damage,Police,3,1,unknown,0,1,NO,490,490,3920,N,8877,7.9837067209775965,0.13821921710891594,0,0,Low Risk
212,40,500/1000,1000,1524.45,0,FEMALE,Masters,other-service,husband,73200,0,Multi-vehicle Collision,Side Collision,Minor Damage,Other,17,3,YES,0,2,YES,8240,8240,65920,N,4402,7.999029244023784,0.22205991962232174,1,0,Low Risk
124,28,250/500,1000,1235.14,0,MALE,MD,exec-managerial,husband,0,-32100,Multi-vehicle Collision,Side Collision,Total Loss,Other,20,3,unknown,0,1,unknown,6020,6020,48160,N,4819,7.998671317056967,0.4412778628547942,1,0,Medium Risk
137,30,250/500,500,1039.55,0,MALE,MD,exec-managerial,unmarried,55600,-59700,Multi-vehicle Collision,Front Collision,Minor Damage,Other,4,3,unknown,2,1,unknown,6730,13460,53840,N,1158,3.9997028452566674,0.28075119534096704,1,0,Low Risk
464,61,500/1000,1000,1125.37,0,FEMALE,Associate,prof-specialty,husband,0,-56400,Multi-vehicle Collision,Rear Collision,Major Damage,Police,6,3,unknown,0,2,YES,6650,19950,53200,Y,8864,2.666533005864368,0.4545490563265035,1,1,Medium Risk
156,38,100/300,500,1367.99,0,MALE,High School,armed-forces,own-child,26500,0,Multi-vehicle Collision,Front Collision,Major Damage,Fire,23,3,unknown,0,3,unknown,11040,5520,38640,Y,1980,6.99873211374751,0.5238012595064317,1,1,Medium Risk
156,37,250/500,500,1090.65,0,MALE,High School,exec-managerial,unmarried,0,-51800,Multi-vehicle Collision,Rear Collision,Minor Damage,Police,16,4,unknown,1,2,YES,5340,5340,42720,Y,8011,7.99850215315484,0.3635651091420249,1,1,Low Risk
97,28,100/300,1000,830.31,0,MALE,JD,farming-fishing,husband,0,-32600,Single Vehicle Collision,Rear Collision,Total Loss,Ambulance,22,1,unknown,1,0,unknown,10060,10060,25150,N,1797,2.499751515753901,0.3116892536458088,1,0,Low Risk
182,40,100/300,1000,1022.42,0,MALE,PhD,other-service,husband,50000,-56900,Single Vehicle Collision,Front Collision,Total Loss,Other,13,1,YES,0,2,unknown,7110,14220,49770,N,1163,3.499753885099501,0.32903797744204943,1,0,Low Risk
78,29,250/500,1000,1234.2,6000000,MALE,Masters,other-service,other-relative,0,0,Vehicle Theft,unknown,Minor Damage,Police,3,1,YES,2,2,NO,750,1500,5250,N,1444,3.4976682211858763,0.12571539340819854,0,0,Low Risk
85,30,100/300,1000,796.35,0,FEMALE,MD,craft-repair,own-child,72400,-77000,Multi-vehicle Collision,Rear Collision,Total Loss,Fire,9,3,YES,2,1,YES,5360,10720,42880,N,4821,3.9996269004757017,0.3970752833765199,1,0,Low Risk
479,60,100/300,2000,1304.83,0,FEMALE,College,other-service,husband,0,0,Single Vehicle Collision,Rear Collision,Total Loss,Ambulance,18,1,NO,0,0,NO,5050,10100,45450,N,6395,4.4995544995545,0.380538431054118,1,0,Low Risk
240,40,100/300,500,1533.71,9000000,FEMALE,JD,protective-serv,own-child,0,-70900,Multi-vehicle Collision,Rear Collision,Total Loss,Fire,18,2,YES,0,2,unknown,6050,12100,48400,N,3773,3.999669448805884,0.4400617265547214,1,0,Medium Risk
229,37,500/1000,1000,1331.94,0,FEMALE,Masters,farming-fishing,not-in-family,0,-55400,Single Vehicle Collision,Rear Collision,Total Loss,Other,17,1,NO,0,2,YES,9920,9920,34720,N,7289,3.499647212982562,0.2932646499377299,1,0,Low Risk
245,40,500/1000,1000,1361.45,0,MALE,PhD,handlers-cleaners,unmarried,39300,0,Single Vehicle Collision,Rear Collision,Minor Damage,Ambulance,12,1,YES,0,2,YES,7470,7470,67230,N,1892,8.998795341989025,0.38032257117888707,1,0,Low Risk
5,26,250/500,2000,1137.02,0,FEMALE,PhD,farming-fishing,not-in-family,31500,0,Single Vehicle Collision,Rear Collision,Total Loss,Ambulance,22,1,YES,1,3,unknown,16020,16020,56070,N,182,3.499781536733038,0.2641758370001065,1,0,Low Risk
274,43,100/300,2000,1352.31,0,MALE,College,farming-fishing,wife,40700,-47300,Single Vehicle Collision,Front Collision,Major Damage,Fire,22,1,YES,0,3,YES,10640,10640,42560,Y,5017,3.999624095479748,0.614263141649208,1,1,Medium Risk
422,60,100/300,1000,1555.52,0,FEMALE,MD,machine-op-inspct,own-child,43600,-67800,Single Vehicle Collision,Front Collision,Major Damage,Ambulance,11,1,YES,1,1,NO,15500,7750,62000,N,1553,7.998967875112888,0.6379396447085215,1,0,Medium Risk
295,46,100/300,500,1672.88,0,FEMALE,High School,armed-forces,wife,0,0,Single Vehicle Collision,Rear Collision,Minor Damage,Fire,5,1,YES,1,1,NO,12140,6070,42490,N,5883,6.998846977433701,0.3579973967890534,1,0,Low Risk
155,35,250/500,1000,919.37,0,FEMALE,Associate,protective-serv,not-in-family,83600,0,Single Vehicle Collision,Front Collision,Minor Damage,Ambulance,0,1,unknown,0,3,unknown,8060,8060,32240,N,7832,3.999503783649671,0.1676573544398896,0,0,Low Risk
153,34,250/500,500,991.39,0,MALE,High School,tech-support,other-relative,45600,-61400,Multi-vehicle Collision,Side Collision,Total Loss,Other,0,3,unknown,1,0,NO,14140,14140,49490,N,7670,3.4997524927515733,0.2838659956922049,1,0,Low Risk
72,29,500/1000,500,973.8,0,FEMALE,Associate,craft-repair,own-child,0,-85900,Single Vehicle Collision,Rear Collision,Major Damage,Ambulance,9,1,unknown,1,0,NO,6620,6620,52960,N,7468,7.998791723304636,0.5435830048068132,1,0,Medium Risk
134,32,100/300,1000,1000.06,0,FEMALE,PhD,farming-fishing,wife,0,0,Single Vehicle Collision,Side Collision,Total Loss,Other,17,1,unknown,1,0,unknown,7520,15040,60160,N,4962,3.999734060235357,0.44609685402806404,1,0,Medium Risk
366,50,500/1000,1000,1561.41,0,FEMALE,High School,handlers-cleaners,husband,21200,0,Multi-vehicle Collision,Rear Collision,Minor Damage,Police,5,3,YES,1,3,NO,12780,12780,44730,N,8946,3.4997261560128314,0.17911745582381533,0,0,Low Risk
120,35,100/300,1000,1425.54,0,FEMALE,High School,transport-moving,other-relative,78300,0,Multi-vehicle Collision,Front Collision,Total Loss,Ambulance,22,3,NO,2,0,NO,11380,5690,34140,N,5095,5.998945703742752,0.2890166548834858,1,0,Low Risk
281,43,100/300,1000,1515.18,6000000,MALE,College,priv-house-serv,other-relative,0,0,Multi-vehicle Collision,Side Collision,Minor Damage,Fire,21,3,NO,1,0,NO,9260,9260,41670,N,7877,4.499514091350826,0.26806307449142663,1,0,Low Risk
164,31,500/1000,500,1114.68,0,FEMALE,Associate,other-service,husband,44500,-55900,Vehicle Theft,unknown,Trivial Damage,Police,5,1,YES,1,0,NO,480,480,3360,N,1456,6.985446985446986,0.09472086507198786,0,0,Low Risk
237,43,250/500,500,911.53,0,FEMALE,PhD,sales,husband,53200,0,Single Vehicle Collision,Rear Collision,Major Damage,Police,23,1,NO,0,1,NO,0,11840,47360,N,2130,3.9996621906933534,0.541524856601779,1,0,Medium Risk
103,33,100/300,1000,969.88,6000000,MALE,MD,armed-forces,own-child,0,0,Single Vehicle Collision,Rear Collision,Minor Damage,Ambulance,21,1,NO,1,0,YES,12820,6410,57690,N,8034,8.99859616284511,0.17446174757432037,0,0,Low Risk
322,44,100/300,1000,1156.19,0,FEMALE,College,machine-op-inspct,husband,49900,-62700,Multi-vehicle Collision,Side Collision,Major Damage,Fire,20,3,YES,0,3,unknown,9880,4940,34580,N,3710,6.998583282736289,0.4096613719586368,1,0,Medium Risk
371,50,250/500,1000,1569.33,0,MALE,PhD,machine-op-inspct,not-in-family,79600,0,Multi-vehicle Collision,Side Collision,Major Damage,Other,2,3,NO,2,1,YES,13000,13000,58500,Y,7658,4.499653872779017,0.525764524969386,1,1,Medium Risk
230,43,100/300,2000,1221.14,0,MALE,MD,prof-specialty,wife,48100,0,Single Vehicle Collision,Side Collision,Total Loss,Ambulance,13,1,unknown,0,2,unknown,13720,13720,48020,N,4574,3.499744916551272,0.3841226034715888,1,0,Low Risk
119,28,250/500,2000,1079.92,0,MALE,High School,machine-op-inspct,husband,88800,0,Single Vehicle Collision,Rear Collision,Total Loss,Ambulance,1,1,unknown,0,1,YES,6700,6700,40200,Y,826,5.999104611252052,0.2875775023525507,1,1,Low Risk
338,47,250/500,2000,1486.04,0,FEMALE,Associate,armed-forces,own-child,0,-56200,Multi-vehicle Collision,Rear Collision,Major Damage,Other,1,3,NO,2,3,unknown,12820,6410,44870,Y,2546,6.998908126657308,0.5900420515814353,1,1,Medium Risk
405,58,250/500,500,1237.88,0,MALE,MD,exec-managerial,not-in-family,0,-46900,Single Vehicle Collision,Front Collision,Major Damage,Police,11,1,unknown,0,0,unknown,5780,5780,52020,Y,994,8.998443175921121,0.5055465852463852,1,1,Medium Risk
122,29,250/500,1000,1629.94,0,FEMALE,Masters,priv-house-serv,other-relative,0,-47100,Parked Car,unknown,Trivial Damage,unknown,17,1,unknown,0,1,NO,350,350,3150,N,8474,8.974358974358974,0.07743542779399906,0,0,Low Risk
312,47,500/1000,1000,1212.07,0,FEMALE,MD,exec-managerial,wife,66900,-51800,Multi-vehicle Collision,Side Collision,Total Loss,Fire,17,3,NO,2,3,NO,7040,7040,42240,N,4649,5.999147848317,0.30450294932928385,1,0,Low Risk
65,23,250/500,1000,1099.95,0,FEMALE,College,sales,wife,0,-71900,Single Vehicle Collision,Side Collision,Major Damage,Other,14,1,NO,1,0,YES,6550,6550,39300,Y,5513,5.999084109296291,0.6304599491953927,1,1,Medium Risk
283,41,100/300,500,1195.01,0,FEMALE,Associate,sales,own-child,60700,-54300,Multi-vehicle Collision,Side Collision,Major Damage,Other,13,3,NO,0,2,unknown,0,6100,36600,Y,805,5.99901655466317,0.5484368229714635,1,1,Medium Risk
30,36,500/1000,500,1488.26,0,FEMALE,College,machine-op-inspct,wife,0,-63500,Multi-vehicle Collision,Side Collision,Total Loss,Police,17,3,NO,2,2,unknown,5790,5790,46320,N,5038,7.998618546019686,0.26728755678704336,1,0,Low Risk
32,26,100/300,2000,1260.32,6000000,MALE,JD,other-service,not-in-family,0,-79800,Single Vehicle Collision,Side Collision,Total Loss,Fire,16,1,unknown,1,2,unknown,9100,4550,31850,N,106,6.998461876510657,0.30063063999886847,1,0,Low Risk
266,42,500/1000,1000,763.67,0,MALE,Associate,prof-specialty,own-child,12800,-49700,Single Vehicle Collision,Side Collision,Total Loss,Police,12,1,YES,1,3,YES,7870,7870,55090,N,6047,6.999110659382543,0.3435876741004634,1,0,Low Risk
15,34,100/300,1000,1829.63,0,MALE,JD,tech-support,not-in-family,56700,0,Multi-vehicle Collision,Side Collision,Total Loss,Other,21,3,YES,1,0,unknown,12300,6150,49200,N,6305,7.998699398471794,0.2901768395865046,1,0,Low Risk
12,24,500/1000,1000,1143.95,0,FEMALE,PhD,tech-support,other-relative,51400,0,Multi-vehicle Collision,Rear Collision,Minor Damage,Police,13,3,NO,2,1,unknown,5930,5930,41510,N,7383,6.9988197605800035,0.2776356909512307,1,0,Low Risk
108,33,100/300,2000,694.45,0,FEMALE,JD,armed-forces,not-in-family,0,0,Multi-vehicle Collision,Side Collision,Major Damage,Police,6,3,unknown,0,1,YES,5850,11700,46800,Y,9124,3.9996581488761644,0.48661464062405885,1,1,Medium Risk
147,31,250/500,500,1054.92,6000000,FEMALE,PhD,prof-specialty,own-child,51900,0,Single Vehicle Collision,Front Collision,Major Damage,Other,4,1,unknown,0,0,unknown,8530,0,59710,Y,6549,59710.0,0.4388777795811369,1,1,Medium Risk
148,30,100/300,500,1471.24,0,FEMALE,Masters,farming-fishing,own-child,57500,-93600,Multi-vehicle Collision,Side Collision,Minor Damage,Police,4,3,NO,2,2,NO,4060,4060,24360,N,4660,5.998522531396207,0.17544688360963084,0,0,Low Risk
377,53,100/300,500,1693.63,0,FEMALE,MD,craft-repair,unmarried,0,-64000,Multi-vehicle Collision,Front Collision,Total Loss,Fire,10,3,YES,1,3,NO,6560,6560,45920,N,6742,6.998933089468069,0.4350619512779567,1,0,Medium Risk
250,43,500/1000,1000,1243.84,0,FEMALE,JD,tech-support,own-child,47900,-73400,Single Vehicle Collision,Side Collision,Minor Damage,Other,22,1,YES,1,3,NO,12980,12980,38940,N,572,2.9997688929974577,0.25849295495415137,1,0,Low Risk
173,36,250/500,1000,1274.63,0,MALE,College,machine-op-inspct,unmarried,51000,0,Single Vehicle Collision,Rear Collision,Total Loss,Fire,22,1,YES,2,3,NO,9460,9460,33110,N,2731,3.4996300602473314,0.2871088261926552,1,0,Low Risk
460,62,250/500,1000,1187.96,4000000,MALE,JD,other-service,own-child,0,0,Multi-vehicle Collision,Rear Collision,Minor Damage,Police,20,3,NO,1,0,unknown,0,5240,41920,N,4573,7.998473573745469,0.2519601760559452,1,0,Low Risk
439,56,250/500,500,1082.49,0,FEMALE,PhD,prof-specialty,unmarried,36100,-55000,Multi-vehicle Collision,Front Collision,Major Damage,Fire,12,3,unknown,2,3,unknown,0,6270,50160,N,2291,7.998724286397704,0.5964736896853722,1,0,Medium Risk
250,42,100/300,500,1055.6,0,MALE,High School,exec-managerial,husband,69500,-40700,Single Vehicle Collision,Rear Collision,Major Damage,Other,16,1,unknown,1,1,unknown,13600,6800,54400,Y,3691,7.998823702396706,0.516912527996534,1,1,Medium Risk
159,37,500/1000,1000,894.4,0,MALE,Associate,tech-support,wife,0,-53700,Single Vehicle Collision,Rear Collision,Total Loss,Police,13,1,YES,2,0,NO,7810,7810,54670,N,5976,6.999103827934963,0.2832703263559736,1,0,Low Risk
128,30,100/300,1000,1061.33,0,MALE,MD,machine-op-inspct,own-child,43300,-66200,Single Vehicle Collision,Front Collision,Major Damage,Ambulance,8,1,NO,0,3,NO,12460,6230,49840,N,7638,7.9987160969346816,0.5716293175821175,1,0,Medium Risk
275,40,250/500,2000,1190.6,0,MALE,Masters,exec-managerial,unmarried,0,-45300,Single Vehicle Collision,Rear Collision,Minor Damage,Fire,17,1,unknown,1,3,YES,7860,7860,27510,N,8448,3.4995547640249334,0.21313193579680445,1,0,Low Risk
122,34,250/500,1000,1220.71,0,MALE,PhD,machine-op-inspct,own-child,58600,-28700,Parked Car,unknown,Minor Damage,unknown,5,1,unknown,2,1,YES,1890,1260,5040,N,3193,3.9968279143536876,0.10073004742823408,0,0,Low Risk
277,46,250/500,2000,1177.57,0,FEMALE,Associate,adm-clerical,husband,0,-65500,Vehicle Theft,unknown,Minor Damage,Police,4,1,unknown,2,3,NO,430,860,2580,N,8113,2.9965156794425085,0.12378483178691513,0,0,Low Risk
138,30,500/1000,500,1093.07,4000000,FEMALE,PhD,other-service,wife,27700,-72400,Single Vehicle Collision,Front Collision,Major Damage,Other,0,1,unknown,2,2,NO,6930,13860,62370,N,4745,4.499675348098982,0.6240233412098039,1,0,Medium Risk
231,37,250/500,500,920.81,0,FEMALE,High School,sales,wife,0,0,Single Vehicle Collision,Rear Collision,Major Damage,Fire,14,1,YES,2,0,unknown,0,7910,63280,Y,8464,7.998988749841992,0.513370306042239,1,1,Medium Risk
86,26,100/300,500,1382.88,7000000,MALE,JD,tech-support,other-relative,0,-30300,Single Vehicle Collision,Rear Collision,Minor Damage,Police,11,1,unknown,1,1,YES,14880,7440,59520,Y,5936,7.998924875688751,0.3448230580573674,1,1,Low Risk
37,23,500/1000,500,1475.93,0,FEMALE,College,prof-specialty,husband,0,-67400,Multi-vehicle Collision,Side Collision,Minor Damage,Other,17,3,YES,1,0,NO,5740,5740,40180,N,3183,6.998780700226441,0.2991646298438497,1,0,Low Risk
232,43,250/500,500,1483.91,8000000,MALE,College,machine-op-inspct,husband,0,-33600,Multi-vehicle Collision,Rear Collision,Major Damage,Ambulance,17,3,NO,0,1,unknown,7060,14120,49420,Y,4995,3.499752142199561,0.5365118957885201,1,1,Medium Risk
272,41,250/500,2000,945.73,5000000,MALE,MD,protective-serv,wife,38600,-42800,Single Vehicle Collision,Front Collision,Minor Damage,Fire,23,1,NO,0,0,NO,16820,8410,58870,Y,8703,6.999167756509333,0.23592742208117867,1,1,Low Risk
140,36,500/1000,2000,979.26,0,FEMALE,JD,transport-moving,own-child,0,-67000,Multi-vehicle Collision,Front Collision,Major Damage,Fire,2,4,YES,0,2,YES,14560,14560,43680,N,5343,2.9997939701943546,0.5600015030131305,1,0,Medium Risk
230,39,100/300,1000,904.7,7000000,FEMALE,MD,craft-repair,unmarried,68600,-22300,Single Vehicle Collision,Front Collision,Major Damage,Fire,0,1,unknown,1,3,NO,14840,14840,44520,Y,5559,2.999797857287245,0.6185849466144256,1,1,Medium Risk
255,41,500/1000,2000,1167.3,4000000,MALE,High School,priv-house-serv,other-relative,0,0,Single Vehicle Collision,Side Collision,Minor Damage,Fire,22,1,NO,2,0,unknown,13860,13860,41580,N,775,2.999783565399322,0.2595731931964212,1,0,Low Risk
379,54,100/300,500,1251.16,0,FEMALE,Associate,machine-op-inspct,not-in-family,41400,0,Single Vehicle Collision,Front Collision,Total Loss,Ambulance,14,1,unknown,0,1,NO,6330,6330,63300,N,4798,9.998420470699731,0.3871837836039509,1,0,Low Risk
270,45,500/1000,500,1187.53,0,FEMALE,PhD,priv-house-serv,not-in-family,83200,-53300,Multi-vehicle Collision,Side Collision,Total Loss,Other,23,3,unknown,0,0,YES,9880,0,44460,N,4203,44460.0,0.29502158456613764,1,0,Low Risk
210,37,500/1000,500,1467.76,0,FEMALE,MD,tech-support,own-child,38700,-33100,Single Vehicle Collision,Front Collision,Total Loss,Ambulance,8,1,unknown,1,3,YES,6330,6330,50640,N,957,7.998736376559785,0.36962273495927256,1,0,Low Risk
32,38,100/300,500,1006.77,6000000,FEMALE,College,other-service,own-child,0,0,Multi-vehicle Collision,Side Collision,Minor Damage,Police,15,3,YES,2,1,YES,14180,7090,49630,N,1793,6.9990128331688055,0.19332301252669132,0,0,Low Risk
93,32,250/500,2000,1624.82,0,MALE,PhD,exec-managerial,unmarried,65300,-65600,Single Vehicle Collision,Side Collision,Minor Damage,Ambulance,16,1,unknown,1,1,unknown,17360,8680,52080,N,3420,5.9993088353876285,0.2808915963818574,1,0,Low Risk
29,25,250/500,2000,1352.83,0,MALE,Masters,farming-fishing,own-child,0,-71700,Multi-vehicle Collision,Rear Collision,Minor Damage,Other,4,4,YES,1,2,YES,7210,7210,50470,Y,82,6.999029260851477,0.3128867854043157,1,1,Low Risk
168,39,500/1000,1000,1389.59,0,FEMALE,Masters,machine-op-inspct,own-child,0,-42600,Multi-vehicle Collision,Rear Collision,Major Damage,Fire,23,3,YES,1,3,NO,3780,7560,30240,Y,7561,3.9994709694484856,0.41571592555701703,1,1,Medium Risk
298,49,250/500,500,1451.01,0,FEMALE,College,other-service,own-child,47800,0,Single Vehicle Collision,Front Collision,Minor Damage,Ambulance,17,1,NO,2,2,NO,2810,5620,19670,N,2282,3.4993773349937736,0.16780524391950982,0,0,Low Risk
290,48,250/500,500,1161.03,5000000,MALE,Associate,adm-clerical,not-in-family,45300,0,Multi-vehicle Collision,Side Collision,Minor Damage,Fire,20,2,unknown,1,1,unknown,5190,5190,31140,N,660,5.998844153342323,0.20587737764510555,1,0,Low Risk
175,34,500/1000,1000,1123.87,8000000,FEMALE,PhD,protective-serv,other-relative,0,0,Vehicle Theft,unknown,Trivial Damage,Police,5,1,unknown,2,0,YES,810,810,5670,N,2607,6.991368680641184,0.19891837691341493,0,0,Low Risk
193,40,100/300,500,1155.38,0,FEMALE,PhD,handlers-cleaners,not-in-family,34200,-32300,Single Vehicle Collision,Side Collision,Minor Damage,Fire,6,1,NO,0,0,YES,6390,6390,51120,N,3683,7.9987482397120955,0.29809584096491637,1,0,Low Risk
182,38,500/1000,2000,1441.06,0,FEMALE,Masters,armed-forces,husband,53800,-78300,Single Vehicle Collision,Side Collision,Total Loss,Police,18,1,unknown,2,3,YES,8150,16300,65200,N,2099,3.99975461628121,0.36095333482030667,1,0,Low Risk
259,43,100/300,500,947.75,0,FEMALE,Masters,farming-fishing,not-in-family,0,-39300,Vehicle Theft,unknown,Trivial Damage,Police,15,1,NO,1,3,NO,1280,640,5760,N,2039,8.985959438377535,0.08166518563227061,0,0,Low Risk
196,39,500/1000,2000,1475.73,0,FEMALE,High School,handlers-cleaners,own-child,57000,-27300,Multi-vehicle Collision,Side Collision,Major Damage,Police,8,3,unknown,2,0,NO,6040,6040,48320,N,8239,7.9986757159410695,0.38612034764677783,1,0,Low Risk
32,38,250/500,2000,566.11,5000000,MALE,Associate,armed-forces,unmarried,0,0,Parked Car,unknown,Trivial Damage,Police,22,1,YES,0,0,NO,440,440,1760,N,7594,3.9909297052154193,0.18322212957373504,0,0,Low Risk
436,58,250/500,2000,1407.01,5000000,MALE,PhD,tech-support,other-relative,47400,-27600,Single Vehicle Collision,Rear Collision,Major Damage,Police,10,1,unknown,0,2,unknown,11980,5990,41930,Y,4638,6.9988315807043895,0.6159078693057081,1,1,Medium Risk
10,19,250/500,1000,1185.78,0,FEMALE,JD,craft-repair,wife,0,-60700,Single Vehicle Collision,Side Collision,Minor Damage,Police,5,1,unknown,0,2,unknown,4450,8900,35600,Y,180,3.999550612290754,0.24095989495623482,1,1,Low Risk
320,48,250/500,2000,1730.49,7000000,MALE,College,transport-moving,not-in-family,46300,-41700,Multi-vehicle Collision,Front Collision,Minor Damage,Fire,13,3,NO,2,0,NO,4680,9360,42120,N,636,4.499519282127978,0.2590127836533187,1,0,Low Risk
96,30,100/300,500,1399.27,6000000,MALE,College,prof-specialty,wife,38900,-48700,Single Vehicle Collision,Side Collision,Total Loss,Fire,22,1,unknown,0,0,YES,0,6680,46760,N,4900,6.998952252656788,0.37746031512917266,1,0,Low Risk
236,38,250/500,1000,802.24,0,FEMALE,College,other-service,not-in-family,0,-62500,Single Vehicle Collision,Side Collision,Major Damage,Ambulance,16,1,NO,0,1,unknown,16710,5570,44560,N,8167,7.998563992101957,0.5708937743677804,1,0,Medium Risk
4,29,250/500,500,1381.88,5000000,MALE,High School,tech-support,other-relative,0,-77800,Vehicle Theft,unknown,Trivial Damage,Police,4,1,NO,0,2,unknown,840,420,2940,N,4653,6.983372921615202,0.1381927811246643,0,0,Low Risk
130,30,500/1000,2000,1193.4,0,MALE,PhD,exec-managerial,own-child,0,-40800,Multi-vehicle Collision,Side Collision,Total Loss,Other,16,3,NO,2,3,unknown,8900,4450,35600,N,890,7.998202651089643,0.288855803829827,1,0,Low Risk
121,34,500/1000,500,1285.42,0,MALE,MD,priv-house-serv,wife,0,0,Single Vehicle Collision,Front Collision,Major Damage,Fire,11,1,NO,1,1,NO,6730,6730,53840,Y,8745,7.998811469321052,0.5417516498786197,1,1,Medium Risk
288,45,100/300,1000,1046.71,0,MALE,Masters,priv-house-serv,husband,0,0,Multi-vehicle Collision,Rear Collision,Major Damage,Fire,4,3,unknown,2,1,unknown,10680,5340,32040,N,4527,5.99887661486613,0.41564854293995807,1,0,Medium Risk
89,32,250/500,1000,988.93,0,FEMALE,High School,craft-repair,unmarried,27600,0,Single Vehicle Collision,Front Collision,Total Loss,Other,11,1,unknown,2,3,YES,15380,15380,53830,N,6610,3.4997724465249336,0.43747603901010795,1,0,Medium Risk
410,54,100/300,2000,714.03,0,MALE,MD,protective-serv,own-child,0,-17000,Single Vehicle Collision,Side Collision,Minor Damage,Ambulance,0,1,YES,0,2,NO,9920,9920,39680,N,1632,3.999596814837214,0.2543395386395734,1,0,Low Risk
285,47,100/300,1000,1216.68,0,FEMALE,Masters,sales,other-relative,55100,0,Vehicle Theft,unknown,Trivial Damage,Police,8,1,NO,1,1,NO,300,300,2100,N,8499,6.976744186046512,0.04938039682231821,0,0,Low Risk
330,50,500/1000,1000,978.46,0,FEMALE,High School,sales,husband,0,0,Single Vehicle Collision,Side Collision,Total Loss,Fire,19,1,YES,0,0,NO,8920,8920,31220,N,4421,3.499607667301872,0.2653059684759439,1,0,Low Risk
381,55,500/1000,500,1459.99,0,FEMALE,MD,other-service,wife,35900,0,Single Vehicle Collision,Rear Collision,Major Damage,Fire,8,1,YES,1,2,YES,12120,6060,42420,N,8675,6.99884507507012,0.5792153856243893,1,0,Medium Risk
121,31,500/1000,1000,1061.98,6000000,FEMALE,JD,armed-forces,unmarried,0,0,Single Vehicle Collision,Rear Collision,Minor Damage,Police,16,1,NO,0,1,YES,7250,7250,50750,N,2884,6.999034615915046,0.3121911631165996,1,0,Low Risk
280,45,250/500,1000,1397.67,0,MALE,JD,machine-op-inspct,wife,57900,0,Multi-vehicle Collision,Front Collision,Minor Damage,Other,0,3,YES,1,2,NO,14120,14120,56480,N,1287,3.999716733942355,0.23266261195864937,1,0,Low Risk
209,39,100/300,500,1264.99,0,MALE,PhD,transport-moving,husband,67800,0,Single Vehicle Collision,Side Collision,Minor Damage,Fire,22,1,unknown,1,1,NO,8400,4200,25200,N,6600,5.998571768626517,0.1411868174211979,0,0,Low Risk
154,34,100/300,500,795.23,0,MALE,PhD,machine-op-inspct,other-relative,36900,0,Multi-vehicle Collision,Rear Collision,Major Damage,Police,15,3,YES,2,1,unknown,15440,0,54040,Y,9096,54040.0,0.4917212087594845,1,1,Medium Risk
126,34,100/300,2000,1078.22,0,FEMALE,Masters,transport-moving,wife,54500,0,Multi-vehicle Collision,Side Collision,Major Damage,Fire,2,3,NO,0,1,YES,10620,5310,42480,N,2658,7.99849369233666,0.47797210713441324,1,0,Medium Risk
127,29,250/500,2000,1326.44,5000000,FEMALE,High School,sales,own-child,0,0,Multi-vehicle Collision,Front Collision,Total Loss,Fire,12,2,YES,1,1,unknown,10300,10300,46350,N,5558,4.499563149208814,0.4778614088769146,1,0,Medium Risk
299,44,500/1000,1000,1653.32,0,FEMALE,College,other-service,other-relative,0,-48800,Single Vehicle Collision,Rear Collision,Minor Damage,Ambulance,3,1,YES,2,0,unknown,6780,6780,40680,N,2270,5.999115174752986,0.2987280783764198,1,0,Low Risk
235,39,100/300,500,1046.58,4000000,MALE,MD,tech-support,wife,0,-31700,Vehicle Theft,unknown,Trivial Damage,unknown,1,1,unknown,2,1,NO,450,900,3600,N,1478,3.995560488346282,0.22902896835953115,1,0,Low Risk
225,37,100/300,1000,1217.84,5000000,FEMALE,High School,farming-fishing,not-in-family,49600,0,Multi-vehicle Collision,Front Collision,Minor Damage,Fire,19,3,unknown,2,2,NO,9600,9600,38400,N,5181,3.9995833767315903,0.23456226588398446,1,0,Low Risk
80,28,500/1000,1000,1740.57,0,FEMALE,College,farming-fishing,wife,0,-18600,Single Vehicle Collision,Rear Collision,Major Damage,Police,3,1,unknown,0,1,unknown,3720,3720,26040,N,46,6.998118785272776,0.3112199499771092,1,0,Low Risk
180,35,500/1000,1000,1252.48,0,MALE,MD,machine-op-inspct,wife,0,-55800,Vehicle Theft,unknown,Minor Damage,unknown,17,1,unknown,1,3,NO,1020,510,3570,N,3495,6.986301369863014,0.1648651115594587,0,0,Low Risk
146,31,100/300,1000,1457.65,5000000,FEMALE,College,armed-forces,own-child,0,0,Multi-vehicle Collision,Rear Collision,Major Damage,Ambulance,0,3,NO,1,3,unknown,5820,5820,40740,N,8901,6.998797457481532,0.4784628288958794,1,0,Medium Risk
41,26,100/300,1000,1383.13,0,FEMALE,JD,prof-specialty,own-child,46700,0,Vehicle Theft,unknown,Trivial Damage,Police,12,1,YES,1,1,unknown,530,1060,5300,N,3259,4.995287464655985,0.11284843761765681,0,0,Low Risk
233,37,100/300,2000,1603.42,0,FEMALE,High School,sales,wife,61600,-30200,Single Vehicle Collision,Front Collision,Total Loss,Fire,17,1,YES,0,2,YES,13420,6710,60390,N,8496,8.99865891819401,0.3182365868496288,1,0,Low Risk
434,57,500/1000,2000,1422.95,0,MALE,JD,transport-moving,husband,0,0,Multi-vehicle Collision,Rear Collision,Major Damage,Other,15,3,NO,1,3,NO,11040,11040,44160,N,5321,3.9996377139751833,0.6570460674930139,1,0,Medium Risk
356,47,250/500,2000,1155.97,0,MALE,High School,prof-specialty,husband,0,0,Single Vehicle Collision,Side Collision,Minor Damage,Other,5,1,YES,0,3,unknown,5590,11180,44720,N,3471,3.999642250245953,0.2655313838395659,1,0,Low Risk
134,32,500/1000,500,1612.43,0,FEMALE,MD,other-service,own-child,36400,0,Single Vehicle Collision,Side Collision,Total Loss,Fire,2,1,unknown,2,1,YES,11680,11680,40880,N,8772,3.499700368119168,0.26526019768349957,1,0,Low Risk
292,45,500/1000,1000,1358.91,0,MALE,Masters,craft-repair,unmarried,0,0,Vehicle Theft,unknown,Trivial Damage,Police,4,1,NO,0,2,unknown,670,1340,5360,N,8739,3.9970171513795676,0.13615534477311095,0,0,Low Risk
124,32,250/500,1000,1198.15,0,FEMALE,MD,other-service,not-in-family,0,-43200,Multi-vehicle Collision,Front Collision,Total Loss,Other,19,3,NO,0,2,YES,12260,12260,49040,N,8295,3.9996737623358616,0.36933909184267893,1,0,Low Risk
156,32,250/500,500,1479.48,0,MALE,Masters,prof-specialty,unmarried,0,0,Single Vehicle Collision,Front Collision,Major Damage,Other,15,1,YES,1,3,YES,6790,13580,54320,Y,8334,3.999705470878433,0.574174869805052,1,1,Medium Risk
267,46,250/500,2000,1111.17,0,MALE,MD,craft-repair,unmarried,35000,0,Parked Car,unknown,Trivial Damage,unknown,3,1,YES,2,3,YES,900,450,3600,N,3830,7.982261640798226,0.19768996846909395,0,0,Low Risk
91,26,250/500,1000,1022.46,0,FEMALE,Associate,armed-forces,other-relative,52700,0,Multi-vehicle Collision,Front Collision,Minor Damage,Other,15,3,unknown,0,2,unknown,7420,7420,59360,N,5606,7.998921978170058,0.2638701527728249,1,0,Low Risk
269,41,100/300,500,1463.82,0,FEMALE,College,protective-serv,not-in-family,0,-72300,Single Vehicle Collision,Rear Collision,Minor Damage,Police,23,1,YES,0,0,unknown,15860,15860,47580,N,8863,2.9998108568186117,0.19429471717819619,0,0,Low Risk
155,35,500/1000,1000,1088.34,0,FEMALE,Associate,adm-clerical,other-relative,81100,0,Multi-vehicle Collision,Front Collision,Total Loss,Police,16,3,YES,2,3,NO,3310,3310,23170,N,4225,6.997885835095137,0.23113817845100643,1,0,Low Risk
303,43,500/1000,1000,671.01,7000000,FEMALE,Associate,machine-op-inspct,other-relative,42900,-61500,Single Vehicle Collision,Rear Collision,Minor Damage,Fire,20,1,unknown,2,0,unknown,6690,6690,46830,N,5838,6.9989538185622475,0.3208709448034846,1,0,Low Risk
219,40,100/300,500,1134.91,0,FEMALE,Associate,transport-moving,not-in-family,68700,0,Vehicle Theft,unknown,Trivial Damage,unknown,6,1,unknown,1,0,NO,640,640,5120,N,3014,7.9875195007800315,0.03944187881489487,0,0,Low Risk
194,35,500/1000,500,1416.24,0,FEMALE,MD,adm-clerical,not-in-family,0,0,Parked Car,unknown,Minor Damage,unknown,7,1,YES,1,0,unknown,1080,540,4320,N,1079,7.985212569316081,0.17152275990362176,0,0,Low Risk
371,51,500/1000,1000,1532.47,0,FEMALE,Associate,tech-support,other-relative,60300,-24700,Single Vehicle Collision,Rear Collision,Major Damage,Fire,7,1,YES,0,3,YES,7540,15080,52780,Y,3383,3.499767919899211,0.6019639349528867,1,1,Medium Risk
163,31,100/300,1000,1004.63,6000000,MALE,JD,priv-house-serv,not-in-family,26900,0,Multi-vehicle Collision,Rear Collision,Total Loss,Ambulance,14,3,YES,2,0,NO,5810,11620,46480,N,4664,3.9996557955425525,0.48248382012697105,1,0,Medium Risk
91,27,100/300,2000,1073.83,0,FEMALE,JD,farming-fishing,husband,0,0,Vehicle Theft,unknown,Trivial Damage,unknown,4,1,unknown,1,2,unknown,1320,660,5280,N,7455,7.987897125567322,0.07975145043794189,0,0,Low Risk
235,42,250/500,500,1072.62,0,FEMALE,Masters,machine-op-inspct,husband,39900,-60200,Multi-vehicle Collision,Side Collision,Total Loss,Other,7,4,unknown,2,1,YES,6910,6910,55280,N,8915,7.998842425119375,0.31872710979600943,1,0,Low Risk
103,27,100/300,1000,1537.33,0,FEMALE,College,handlers-cleaners,husband,0,-74800,Multi-vehicle Collision,Front Collision,Minor Damage,Police,11,3,YES,1,1,NO,7770,15540,54390,N,2623,3.4997747892671,0.2271695903689808,1,0,Low Risk
360,51,500/1000,1000,1526.61,0,MALE,Masters,handlers-cleaners,not-in-family,0,-32900,Vehicle Theft,unknown,Minor Damage,Police,5,1,YES,2,2,unknown,840,840,2940,Y,4813,3.4958382877526755,0.19698125125669128,0,1,Low Risk
238,39,250/500,2000,1488.02,0,FEMALE,JD,protective-serv,other-relative,0,-39200,Vehicle Theft,unknown,Minor Damage,Police,9,1,YES,1,3,YES,1100,550,3850,N,3003,6.987295825771325,0.07781983458890385,0,0,Low Risk
159,33,100/300,2000,1462.76,0,FEMALE,College,craft-repair,husband,69200,-36900,Multi-vehicle Collision,Rear Collision,Major Damage,Ambulance,23,3,YES,2,0,NO,8160,4080,32640,Y,2776,7.998039696152904,0.38856390490148857,1,1,Low Risk
97,27,500/1000,500,1588.26,0,FEMALE,High School,tech-support,husband,56700,-49300,Multi-vehicle Collision,Side Collision,Total Loss,Other,22,3,YES,2,1,YES,8410,8410,58870,N,4657,6.999167756509333,0.3726065001424935,1,0,Low Risk
35,29,500/1000,2000,653.66,0,FEMALE,JD,handlers-cleaners,unmarried,52100,-46900,Multi-vehicle Collision,Rear Collision,Minor Damage,Fire,22,3,NO,0,0,unknown,15660,7830,54810,N,1279,6.999106116715617,0.2768790624953836,1,0,Low Risk
111,27,250/500,500,1459.97,5000000,MALE,MD,sales,other-relative,0,0,Multi-vehicle Collision,Side Collision,Major Damage,Police,2,3,NO,1,2,NO,7350,14700,58800,Y,4541,3.999727909666009,0.5774093870028016,1,1,Medium Risk
103,26,100/300,500,1354.83,0,MALE,MD,tech-support,husband,66300,0,Multi-vehicle Collision,Front Collision,Minor Damage,Police,14,2,NO,2,2,unknown,4060,4060,32480,N,272,7.99803004186161,0.28185266677002313,1,0,Low Risk
73,30,100/300,500,803.36,0,FEMALE,High School,protective-serv,husband,0,0,Multi-vehicle Collision,Rear Collision,Total Loss,Other,15,3,unknown,0,0,YES,0,11400,45600,N,2117,3.999649153583019,0.44484531922334103,1,0,Medium Risk
426,54,500/1000,2000,1097.71,0,FEMALE,Masters,adm-clerical,not-in-family,29600,-22300,Single Vehicle Collision,Side Collision,Minor Damage,Police,13,1,YES,2,3,unknown,16800,16800,67200,N,6289,3.999761918933397,0.23826274890246998,1,0,Low Risk
147,37,250/500,1000,1306.78,0,MALE,MD,prof-specialty,other-relative,0,0,Single Vehicle Collision,Front Collision,Total Loss,Ambulance,22,1,unknown,1,0,NO,13520,20280,47320,N,8139,2.333218283122134,0.39740784383241295,1,0,Low Risk
458,59,100/300,1000,1685.69,0,FEMALE,High School,protective-serv,wife,31400,0,Single Vehicle Collision,Front Collision,Total Loss,Police,23,1,unknown,2,2,YES,14360,14360,43080,N,2175,2.9997911008982663,0.3259879755429649,1,0,Low Risk
